MGRP,Level_1,Level_2,Level_3,Level_4,PACFIN_SPECIES_COMMON_NAME,PACFIN_SPECIES_SCIENTIFIC_NAME
CPEL,     ,     ,,,__ALL COASTAL PELAGIC,N/A
CPEL, PHRG,     ,,,PACIFIC HERRING,CLUPEA HARENGUS PALLASII
CPEL, RHRG,     ,,,ROUND HERRING,ETRUMEUS TERES
CPEL, WETF,     ,,,__ALL WET FISH,N/A
CPEL, WETF, CMCK,,,CHUB MACKEREL,SCOMBER JAPONICUS
CPEL, WETF, JMCK,,,JACK MACKEREL,TRACHURUS SYMMETRICUS
CPEL, WETF, MSQD,,,MARKET SQUID,LOLIGO OPALESCENS
CPEL, WETF, NANC,,,NORTHERN ANCHOVY,ENGRAULIS MORDAX
CPEL, WETF, PBNT,,,PACIFIC BONITO,SARDA CHILIENSIS
CPEL, WETF, PSDN,,,PACIFIC SARDINE,SARDINOPS SAGAX
CPEL, WETF, UMCK,,,UNSP. MACKEREL,N/A
CRAB,     ,     ,,,__ALL CRAB,N/A
CRAB, DCRB,     ,,,DUNGENESS CRAB,CANCER MAGISTER
CRAB, KCRB, BKCR,,,BLUE KING CRAB,PARALITHODES PLATYPUS
CRAB, KCRB, GKCR,,,GOLDEN KING CRAB,LITHODES AEQUISPINUS
CRAB, KCRB, KCRB,,,__ALL KING CRAB,N/A
CRAB, KCRB, RKCR,,,RED KING CRAB,PARALITHODES CAMTSCHATICUS
CRAB, KCRB, SKCR,,,SCARLET KING CRAB,LITHODES COUESI
CRAB, KCRB, UKCR,,,UNSP. KING CRAB,N/A
CRAB, OCRB,     ,,,OTHER CRAB,N/A
CRAB, RCRB,     ,,,ROCK CRAB,CANCER SPP.
CRAB, TCRB, BTCR,,,BAIRDI TANNER CRAB,CHIONOECETES BAIRDI
CRAB, TCRB, OTCR,,,OPILIO TANNER CRAB,CHIONOECETES OPILIO
CRAB, TCRB, TCRB,,,__ALL TANNER CRAB,N/A
CRAB, TCRB, UTCR,,,UNSP. TANNER CRAB,N/A
CRAB, UCRB,     ,,,UNSP. CRAB,N/A
GRND,     ,     ,,,__ALL GROUNDFISH,N/A
GRND, FLAT, BMO1,,,NOM. BIGMOUTH SOLE,N/A
GRND, FLAT, BMOL,,,BIGMOUTH SOLE,HIPPOGLOSSINA STOMATA
GRND, FLAT, DEEP,,,__DEEP-91 FLOUNDERS,N/A
GRND, FLAT, DOVR,,,DOVER SOLE,MICROSTOMUS PACIFICUS
GRND, FLAT, DVR1,,,NOM. DOVER SOLE,N/A
GRND, FLAT, EGL1,,,NOM. ENGLISH SOLE,N/A
GRND, FLAT, EGLS,,,ENGLISH SOLE,PAROPHRYS VETULUS
GRND, FLAT, FLAT,,,__ALL FLATFISH,N/A
GRND, FLAT, PTR1,,,NOM. PETRALE SOLE,N/A
GRND, FLAT, PTRL,,,PETRALE SOLE,EOPSETTA JORDANI
GRND, FLAT, RFLT,,,REMAINING FLATFISH,N/A
GRND, FLAT, RFLT,APLC,,ALASKA PLAICE,PLEURONECTUS QUADRITUBERCULATUS
GRND, FLAT, RFLT,BSOL,,BUTTER SOLE,ISOPSETTA ISOLEPIS
GRND, FLAT, RFLT,CSL1,,NOM. CURLFIN SOLE,N/A
GRND, FLAT, RFLT,CSOL,,CURLFIN SOLE,PLEURONICHTHYS DECURRENS
GRND, FLAT, RFLT,CTRB,,C-O SOLE,PLEURONICHTHYS COENOSUS
GRND, FLAT, RFLT,DFLT,,UNSP. DEEP FLOUNDERS,N/A
GRND, FLAT, RFLT,DSOL,,DEEPSEA SOLE,EMBASSICHTHYS BATHYBIUS
GRND, FLAT, RFLT,DTRB,,DIAMOND TURBOT,PLEURONICHTHYS GUTTULATUS
GRND, FLAT, RFLT,FNTS,,FANTAIL SOLE,XYSTREURYS LIOLEPIS
GRND, FLAT, RFLT,FSOL,,FLATHEAD SOLE,HIPPOGLOSSOIDES ELASSODON
GRND, FLAT, RFLT,GTRB,,GREENLAND TURBOT,REINHARDTIUS HIPPOGLOSSOIDES
GRND, FLAT, RFLT,HTRB,,HORNYHEAD TURBOT,PLEURONICHTHYS VERTICALIS
GRND, FLAT, RFLT,OFLT,,OTHER FLATFISH,N/A
GRND, FLAT, RFLT,REX,,REX SOLE,GLYPTOCEPHALUS ZACHIRUS
GRND, FLAT, RFLT,REX1,,NOM. REX SOLE,N/A
GRND, FLAT, RFLT,RSL1,,NOM. ROCK SOLE,N/A
GRND, FLAT, RFLT,RSOL,,ROCK SOLE,LEPIDOPSETTA BILINEATA
GRND, FLAT, RFLT,SFL1,,NOM. STARRY FLOUNDER,N/A
GRND, FLAT, RFLT,SFLT,,UNSP. SHALLOW FLOUNDERS,N/A
GRND, FLAT, RFLT,SLNS,,SLENDER SOLE,LYOPSETTA EXILIS
GRND, FLAT, RFLT,SSO1,,NOM. SAND SOLE,N/A
GRND, FLAT, RFLT,SSOL,,SAND SOLE,PSETTICHTHYS MELANOSTICTUS
GRND, FLAT, RFLT,STRB,,SPOTTED TURBOT,PLEURONICHTHYS RITTERI
GRND, FLAT, RFLT,STRY,,STARRY FLOUNDER,PLATICHTHYS STELLATUS
GRND, FLAT, RFLT,UDF1,,UNSP. DEEP-91 FLOUNDERS,N/A
GRND, FLAT, RFLT,UDF2,,UNSP. DEEP-95 FLOUNDERS,N/A
GRND, FLAT, RFLT,UFL1,,FLOUNDERS (NO FSOL),N/A
GRND, FLAT, RFLT,UFLT,,UNSP. FLATFISH,N/A
GRND, FLAT, RFLT,USF1,,UNSP. SHALLOW-91 FLOUNDER,N/A
GRND, FLAT, RFLT,YSOL,,YELLOWFIN SOLE,LIMANDA ASPERA
GRND, FLAT, SDAB,,,__SANDDABS,CITHARICHTHYS SPP.
GRND, FLAT, SDAB,RFLT,LDAB,LONGFIN SANDDAB,CITHARICHTHYS XANTHOSTIGMA
GRND, FLAT, SDAB,RFLT,LDB1,NOM. LONGFIN SANDDAB,CITHARICHTHYS SPP.
GRND, FLAT, SDAB,RFLT,PDAB,PACIFIC SANDDAB,CITHARICHTHYS SORDIDUS
GRND, FLAT, SDAB,RFLT,PDB1,NOM. PACIFIC SANDDAB,CITHARICHTHYS SPP.
GRND, FLAT, SDAB,RFLT,SDB1,NOM. SPECKLED SANDDAB,CITHARICHTHYS SPP.
GRND, FLAT, SDAB,RFLT,SSDB,SPECKLED SANDDAB,CITHARICHTHYS STIGMAEUS
GRND, FLAT, SDAB,RFLT,UDAB,UNSP. SANDDABS,CITHARICHTHYS SPP.
GRND, FLAT, SHAL,,,__SHALLOW-91 FLOUNDERS,N/A
GRND, FLAT, TRBT,,,__TURBOTS,N/A
GRND, FLAT, TRBT,ART1,,NOM. ARROWTOOTH FLOUNDER,N/A
GRND, FLAT, TRBT,ARTH,,ARROWTOOTH FLOUNDER,ATHERESTHES STOMIAS
GRND, FLAT, TRBT,RFLT,KMKA,KAMCHATKA FLOUNDER,ATHERESTHES EVERMANNI
GRND, FLAT, TRBT,RFLT,UTRB,UNSP. TURBOTS,N/A
GRND, GREN,     ,,,PACIFIC GRENADIER,CORYPHAENOIDES ACROLEPIS
GRND, MGRN, GRDR,,,UNSP. GRENADIERS,N/A
GRND, MGRN, MGRN,,,__MISC. GROUNDFISH,N/A
GRND, MGRN, OGRN,,,OTHER GROUNDFISH,N/A
GRND, MGRN, RATF,,,SPOTTED RATFISH,HYDROLAGUS COLLIEI
GRND, MGRN, RGRN,,,REMAINING GROUNDFISH,N/A
GRND, MGRN, SHRK,DSRK,,SPINY DOGFISH,SQUALUS ACANTHIAS
GRND, MGRN, SHRK,LSRK,,LEOPARD SHARK,TRIAKIS SEMIFASCIATA
GRND, MGRN, SHRK,SSRK,,SOUPFIN SHARK,GALEORHINUS ZYOPTERUS
GRND, MGRN, SKAT,AKSK,,ALASKA SKATE,BATHYRAJA PARMIFERA
GRND, MGRN, SKAT,BSK1,,NOM. BIG SKATE,N/A
GRND, MGRN, SKAT,BSKT,,BIG SKATE,RAJA BINOCULATA
GRND, MGRN, SKAT,CSKT,,CALIFORNIA SKATE,RAJA INORNATA
GRND, MGRN, SKAT,LSKT,,LONGNOSE SKATE,RAJA RHINA
GRND, MGRN, SKAT,USKT,,UNSP. SKATE,RAJIDAE SPP.
GRND, MGRN, UGRN,,,UNSP. GROUNDFISH,N/A
GRND, PFNS,     ,,,PACIFIC FLATNOSE,ANTIMORA MICROLEPIS
GRND, ROCK, BLCK,,,BLACK ROCKFISH,SEBASTES MELANOPS
GRND, ROCK, BLK1,,,NOM. BLACK ROCKFISH,SEBASTES SPP.
GRND, ROCK, CNR1,,,NOM. CANARY ROCKFISH,SEBASTES SPP.
GRND, ROCK, CNRY,,,CANARY ROCKFISH,SEBASTES PINNIGER
GRND, ROCK, DARK,,,DARK ROCKFISH,SEBASTES CILIATUS
GRND, ROCK, DBR1,,,NOM. DARKBLOTCHED ROCKFIS,SEBASTES SPP.
GRND, ROCK, DBRK,,,DARKBLOTCHED ROCKFISH,SEBASTES CRAMERI
GRND, ROCK, DRCK,,,__DEMERSAL-91 RKFSH,N/A
GRND, ROCK, DUSK,,,DUSKY ROCKFISH,SEBASTES VARIABLIS
GRND, ROCK, HLQN,,,HARLEQUIN ROCKFISH,SEBASTES VARIEGATUS
GRND, ROCK, NRCK,,,NORTHERN ROCKFISH,SEBASTES POLYSPINIS
GRND, ROCK, NSHR,,,NORTHERN NEAR-SHORE ROCKF,N/A
GRND, ROCK, NSHR,NUSR,,NOR. UNSP. NEAR-SHORE ROC,N/A
GRND, ROCK, NSHR,SSRD,BLU1,NOM. BLUE ROCKFISH,SEBASTES SPP.
GRND, ROCK, NSHR,SSRD,BLUR,BLUE ROCKFISH,SEBASTES MYSTINUS
GRND, ROCK, NSHR,SSRD,BRW1,NOM. BROWN ROCKFISH,SEBASTES SPP.
GRND, ROCK, NSHR,SSRD,BRWN,BROWN ROCKFISH,SEBASTES AURICULATUS
GRND, ROCK, NSHR,SSRD,CHN1,NOM. CHINA ROCKFISH,SEBASTES SPP.
GRND, ROCK, NSHR,SSRD,CHNA,CHINA ROCKFISH,SEBASTES NEBULOSUS
GRND, ROCK, NSHR,SSRD,CLC1,NOM. CALICO ROCKFISH,SEBASTES SPP.
GRND, ROCK, NSHR,SSRD,CLCO,CALICO ROCKFISH,SEBASTES DALLII
GRND, ROCK, NSHR,SSRD,COP1,NOM. COPPER ROCKFISH,SEBASTES SPP.
GRND, ROCK, NSHR,SSRD,COPP,COPPER ROCKFISH,SEBASTES CAURINUS
GRND, ROCK, NSHR,SSRD,OLV1,NOM. OLIVE ROCKFISH,SEBASTES SPP.
GRND, ROCK, NSHR,SSRD,OLVE,OLIVE ROCKFISH,SEBASTES SERRANOIDES
GRND, ROCK, NSHR,SSRD,QLB1,NOM. QUILLBACK ROCKFISH,SEBASTES SPP.
GRND, ROCK, NSHR,SSRD,QLBK,QUILLBACK ROCKFISH,SEBASTES MALIGER
GRND, ROCK, NSHR,SSRD,RCK2,UNSP. BOLINA RCKFSH,SEBASTES SPP.
GRND, ROCK, NSHR,SSRD,RCK9,BLACK+BLUE ROCKFISH,SEBASTES SPP.
GRND, ROCK, NSHR,SSRD,TRE1,NOM. TREEFISH,SEBASTES SPP.
GRND, ROCK, NSHR,SSRD,TREE,TREEFISH,SEBASTES SERRICEPS
GRND, ROCK, NSHR,SSRD,UDNR,UNSP. DEEP NEAR-SHORE RF,N/A
GRND, ROCK, NSHR,SSRS,BYEL,BLACK-AND-YELLOW ROCKFISH,SEBASTES CHRYSOMELAS
GRND, ROCK, NSHR,SSRS,BYL1,NOM. BLACK-AND-YELLOW ROC,SEBASTES SPP.
GRND, ROCK, NSHR,SSRS,GPH1,NOM. GOPHER ROCKFISH,SEBASTES SPP.
GRND, ROCK, NSHR,SSRS,GPHR,GOPHER ROCKFISH,SEBASTES CARNATUS
GRND, ROCK, NSHR,SSRS,GRAS,GRASS ROCKFISH,SEBASTES RASTRELLIGER
GRND, ROCK, NSHR,SSRS,GRS1,NOM. GRASS ROCKFISH,SEBASTES SPP.
GRND, ROCK, NSHR,SSRS,KLP1,NOM. KELP ROCKFISH,SEBASTES SPP.
GRND, ROCK, NSHR,SSRS,KLPR,KELP ROCKFISH,SEBASTES ATROVIRENS
GRND, ROCK, NSHR,SSRS,RCK7,UNSP. GOPHER RCKFSH,SEBASTES SPP.
GRND, ROCK, NSHR,USHR,,UNSP. NEAR-SHORE ROCKFISH,N/A
GRND, ROCK, NSLF,,,NORTHERN SHELF ROCKFISH,N/A
GRND, ROCK, NSLF,BCAC,,BOCACCIO,SEBASTES PAUCISPINIS
GRND, ROCK, NSLF,BCC1,,NOM. BOCACCIO,SEBASTES SPP.
GRND, ROCK, NSLF,CLP1,,NOM. CHILIPEPPER,SEBASTES SPP.
GRND, ROCK, NSLF,CLPR,,CHILIPEPPER,SEBASTES GOODEI
GRND, ROCK, NSLF,CWC1,,NOM. COWCOD ROCKFISH,SEBASTES SPP.
GRND, ROCK, NSLF,CWCD,,COWCOD ROCKFISH,SEBASTES LEVIS
GRND, ROCK, NSLF,NUSF,,NOR. UNSP. SHELF ROCKFISH,N/A
GRND, ROCK, NSLF,RCK1,,BOCACCIO+CHILIPEPPER RCKF,SEBASTES SPP.
GRND, ROCK, NSLF,RCK8,,CANARY+VERMILION RCKFSH,SEBASTES SPP.
GRND, ROCK, NSLF,SSLF,BRNZ,BRONZESPOTTED ROCKFISH,SEBASTES GILLI
GRND, ROCK, NSLF,SSLF,BRZ1,NOM. BRONZESPOTTED ROCKFI,SEBASTES SPP.
GRND, ROCK, NSLF,SSLF,CMEL,CHAMELEON ROCKFISH,SEBASTES PHILLIPSI
GRND, ROCK, NSLF,SSLF,CML1,NOM. CHAMELEON ROCKFISH,SEBASTES SPP.
GRND, ROCK, NSLF,SSLF,DWRF,DWARF-RED ROCKFISH,SEBASTES RUFINANUS
GRND, ROCK, NSLF,SSLF,FRCK,FRECKLED ROCKFISH,SEBASTES LENTIGINOSUS
GRND, ROCK, NSLF,SSLF,GBL1,NOM. GREENBLOTCHED ROCKFI,SEBASTES SPP.
GRND, ROCK, NSLF,SSLF,GBLC,GREENBLOTCHED ROCKFISH,SEBASTES ROSENBLATTI
GRND, ROCK, NSLF,SSLF,GSP1,NOM. GREENSPOTTED ROCKFIS,SEBASTES SPP.
GRND, ROCK, NSLF,SSLF,GSPT,GREENSPOTTED ROCKFISH,SEBASTES CHLOROSTICTUS
GRND, ROCK, NSLF,SSLF,GSR1,NOM. GREENSTRIPED ROCKFIS,SEBASTES SPP.
GRND, ROCK, NSLF,SSLF,GSRK,GREENSTRIPED ROCKFISH,SEBASTES ELONGATUS
GRND, ROCK, NSLF,SSLF,HBRK,HALFBANDED ROCKFISH,SEBASTES SEMICINCTUS
GRND, ROCK, NSLF,SSLF,HNY1,NOM. HONEYCOMB ROCKFISH,SEBASTES SPP.
GRND, ROCK, NSLF,SSLF,HNYC,HONEYCOMB ROCKFISH,SEBASTES UMBROSUS
GRND, ROCK, NSLF,SSLF,MXR1,NOM. MEXICAN ROCKFISH,SEBASTES SPP.
GRND, ROCK, NSLF,SSLF,MXRF,MEXICAN ROCKFISH,SEBASTES MACDONALDI
GRND, ROCK, NSLF,SSLF,PGMY,PYGMY ROCKFISH,SEBASTES WILSONI
GRND, ROCK, NSLF,SSLF,PNK1,NOM. PINK ROCKFISH,SEBASTES SPP.
GRND, ROCK, NSLF,SSLF,PNKR,PINK ROCKFISH,SEBASTES EOS
GRND, ROCK, NSLF,SSLF,PRR1,NOM. PINKROSE ROCKFISH,SEBASTES SPP.
GRND, ROCK, NSLF,SSLF,PRRK,PINKROSE ROCKFISH,SEBASTES SIMULATOR
GRND, ROCK, NSLF,SSLF,RCK3,UNSP. DPWTR REDS RCKFSH,N/A
GRND, ROCK, NSLF,SSLF,RCK4,UNSP. REDS RCKFSH,N/A
GRND, ROCK, NSLF,SSLF,REDS,REDSTRIPE ROCKFISH,SEBASTES PRORIGER
GRND, ROCK, NSLF,SSLF,ROS1,NOM. ROSY ROCKFISH,SEBASTES SPP.
GRND, ROCK, NSLF,SSLF,ROSY,ROSY ROCKFISH,SEBASTES ROSACEUS
GRND, ROCK, NSLF,SSLF,RST1,NOM. ROSETHORN ROCKFISH,SEBASTES SPP.
GRND, ROCK, NSLF,SSLF,RSTN,ROSETHORN ROCKFISH,SEBASTES HELVOMACULATUS
GRND, ROCK, NSLF,SSLF,SLGR,SILVERGREY ROCKFISH,SEBASTES BREVISPINIS
GRND, ROCK, NSLF,SSLF,SPK1,NOM. SPECKLED ROCKFISH,SEBASTES SPP.
GRND, ROCK, NSLF,SSLF,SPKL,SPECKLED ROCKFISH,SEBASTES OVALIS
GRND, ROCK, NSLF,SSLF,SQR1,NOM. SQUARESPOT,SEBASTES SPP.
GRND, ROCK, NSLF,SSLF,SQRS,SQUARESPOT ROCKFISH,SEBASTES HOPKINSI
GRND, ROCK, NSLF,SSLF,STAR,STARRY ROCKFISH,SEBASTES CONSTELLATUS
GRND, ROCK, NSLF,SSLF,STL1,NOM. STRIPETAIL ROCKFISH,SEBASTES SPP.
GRND, ROCK, NSLF,SSLF,STR1,NOM. STARRY ROCKFISH,SEBASTES SPP.
GRND, ROCK, NSLF,SSLF,STRK,STRIPETAIL ROCKFISH,SEBASTES SAXICOLA
GRND, ROCK, NSLF,SSLF,SWS1,NOM. SWORDSPINE ROCKFISH,SEBASTES SPP.
GRND, ROCK, NSLF,SSLF,SWSP,SWORDSPINE ROCKFISH,SEBASTES ENSIFER
GRND, ROCK, NSLF,SSLF,TGR1,NOM. TIGER ROCKFISH,SEBASTES SPP.
GRND, ROCK, NSLF,SSLF,TIGR,TIGER ROCKFISH,SEBASTES NIGROCINCTUS
GRND, ROCK, NSLF,SSLF,USLF,UNSP. SHELF ROCKFISH,N/A
GRND, ROCK, NSLF,SSLF,VRM1,NOM. VERMILLION ROCKFISH,SEBASTES SPP.
GRND, ROCK, NSLF,SSLF,VRML,VERMILION ROCKFISH,SEBASTES MINIATUS
GRND, ROCK, NSLP,,,NORTHERN SLOPE ROCKFISH,N/A
GRND, ROCK, NSLP,NUSP,,NOR. UNSP. SLOPE ROCKFISH,N/A
GRND, ROCK, NSLP,RBR1,,NOM. ROUGHEYE + BLACKSPOT,N/A
GRND, ROCK, NSLP,RCK5,,UNSP. SMALL REDS RCKFSH,N/A
GRND, ROCK, NSLP,RCK6,,UNSP. ROSEFISH RCKFSH,N/A
GRND, ROCK, NSLP,SNOS,,SPLITNOSE ROCKFISH,SEBASTES DIPLOPROA
GRND, ROCK, NSLP,SNS1,,NOM. SPLITNOSE ROCKFISH,SEBASTES SPP.
GRND, ROCK, NSLP,SRK1,,NOM. SHORTRAKER ROCKFISH,N/A
GRND, ROCK, NSLP,SSLP,ARR1,NOM. AURORA ROCKFISH,SEBASTES SPP.
GRND, ROCK, NSLP,SSLP,ARRA,AURORA ROCKFISH,SEBASTES AURORA
GRND, ROCK, NSLP,SSLP,BANK,BANK ROCKFISH,SEBASTES RUFUS
GRND, ROCK, NSLP,SSLP,BGL1,NOM. BLACKGILL ROCKFISH,SEBASTES SPP.
GRND, ROCK, NSLP,SSLP,BLGL,BLACKGILL ROCKFISH,SEBASTES MELANOSTOMUS
GRND, ROCK, NSLP,SSLP,BNK1,NOM. BANK ROCKFISH,SEBASTES SPP.
GRND, ROCK, NSLP,SSLP,BSPR,BLACKSPOTTED ROCKFISH,SEBASTES MELANOSTICTUS
GRND, ROCK, NSLP,SSLP,POP1,GEN. SHELF/SLOPE RF,N/A
GRND, ROCK, NSLP,SSLP,RDB1,NOM. REDBANDED ROCKFISH,SEBASTES SPP.
GRND, ROCK, NSLP,SSLP,RDBD,REDBANDED ROCKFISH,SEBASTES BABCOCKI
GRND, ROCK, NSLP,SSLP,REYE,ROUGHEYE ROCKFISH,SEBASTES ALEUTIANUS
GRND, ROCK, NSLP,SSLP,SHRP,SHARPCHIN ROCKFISH,SEBASTES ZACENTRUS
GRND, ROCK, NSLP,SSLP,SRKR,SHORTRAKER ROCKFISH,SEBASTES BOREALIS
GRND, ROCK, NSLP,SSLP,USLP,UNSP. SLOPE ROCKFISH,N/A
GRND, ROCK, NSLP,SSLP,YMTH,YELLOWMOUTH ROCKFISH,SEBASTES REEDI
GRND, ROCK, OBRK,,,__OTHER BSA RKFSH,N/A
GRND, ROCK, ODSR,,,OTHER DEMERSAL RKFSH,N/A
GRND, ROCK, OPLG,,,OTHER PELAGIC RKFSH,N/A
GRND, ROCK, ORCK,,,OTHER ROCKFISH,N/A
GRND, ROCK, OSLR,,,OTHER SLOPE RKFSH,N/A
GRND, ROCK, POPG,,,__POP GROUP,N/A
GRND, ROCK, PRCK,,,__PELAGIC ROCKFISH,N/A
GRND, ROCK, PUGT,,,PUGET SOUND ROCKFISH,SEBASTES EMPHAEUS
GRND, ROCK, ROCK,,,__ALL ROCKFISH,N/A
GRND, ROCK, RRCK,,,REMAINING ROCKFISH,N/A
GRND, ROCK, SBL1,,,NOM. SHORTBELLY ROCKFISH,SEBASTES SPP.
GRND, ROCK, SBLY,,,SHORTBELLY ROCKFISH,SEBASTES JORDANI
GRND, ROCK, SCOR,,,CALIFORNIA SCORPIONFISH,SCORPAENA GUTATTA
GRND, ROCK, SCR1,,,NOM. CALIFORNIA SCORPIONF,SCORPAENA SPP.
GRND, ROCK, SRCK,,,__SLOPE-91 ROCKFISH,N/A
GRND, ROCK, SRKG,,,__SHORTRAKER GROUP,N/A
GRND, ROCK, SSHR,,,SOUTHERN NEAR-SHORE ROCKF,N/A
GRND, ROCK, SSLF,,,SOUTHERN SHELF ROCKFISH,N/A
GRND, ROCK, SSLF,FLAG,,FLAG ROCKFISH,SEBASTES RUBRIVINCTUS
GRND, ROCK, SSLF,FLG1,,NOM. FLAG ROCKFISH,SEBASTES SPP.
GRND, ROCK, SSLF,SUSF,,SOU. UNSP. SHELF ROCKFISH,N/A
GRND, ROCK, SSLF,YTR1,,NOM. YELLOWTAIL ROCKFISH,SEBASTES SPP.
GRND, ROCK, SSLF,YTRK,,YELLOWTAIL ROCKFISH,SEBASTES FLAVIDUS
GRND, ROCK, SSLP,,,SOUTHERN SLOPE ROCKFISH,N/A
GRND, ROCK, SSLP,POP,,PACIFIC OCEAN PERCH,SEBASTES ALUTUS
GRND, ROCK, SSLP,POP2,,NOM. POP,SEBASTES SPP.
GRND, ROCK, SSLP,SUSP,,SOU. UNSP. SLOPE ROCKFISH,N/A
GRND, ROCK, SSLP,UPOP,,UNSP. POP GROUP,N/A
GRND, ROCK, SSRD,,,DEEP SO. NEARSHORE ROCKFI,N/A
GRND, ROCK, SSRS,,,SHALLOW SO. NEARSHORT ROC,N/A
GRND, ROCK, SUSR,,,SOU. UNSP. NEAR-SHORE ROC,N/A
GRND, ROCK, TRNY,,,__THORNYHEADS COMPLEX,SEBASTOLOBUS SPP.
GRND, ROCK, TRNY,LSP1,,NOM. LONGSPINE THORNYHEAD,SEBASTOLOBUS SPP.
GRND, ROCK, TRNY,LSPN,,LONGSPINE THORNYHEAD,SEBASTOLOBUS ALTIVELIS
GRND, ROCK, TRNY,SSP1,,NOM. SHORTSPINE THORNYHEA,SEBASTOLOBUS SPP.
GRND, ROCK, TRNY,SSPN,,SHORTSPINE THORNYHEAD,SEBASTOLOBUS ALASCANUS
GRND, ROCK, TRNY,THD1,,NOM. THORNYHEADS,SEBASTOLOBUS SPP.
GRND, ROCK, TRNY,THDS,,THORNYHEADS (MIXED),SEBASTOLOBUS SPP.
GRND, ROCK, UDM1,,,UNSP. DEMERSAL-91,N/A
GRND, ROCK, UDSR,,,UNSP. DEMERSAL RKFSH,N/A
GRND, ROCK, UDW1,,,SHORTRAKER+ROUGHEYE,SEBASTES SPP.
GRND, ROCK, UPLG,,,UNSP. PELAGIC RKFSH,N/A
GRND, ROCK, URCK,,,UNSP. ROCKFISH,N/A
GRND, ROCK, URK1,,,SRKR+REYE+NRCK+SHRP,N/A
GRND, ROCK, USLR,,,UNSP. SLOPE RKFSH,N/A
GRND, ROCK, USR1,,,UNSP. SLOPE-91,N/A
GRND, ROCK, USR2,,,UNSP. SLOPE-93,N/A
GRND, ROCK, WDOW,,,WIDOW ROCKFISH,SEBASTES ENTOMELAS
GRND, ROCK, WDW1,,,NOM. WIDOW ROCKFISH,SEBASTES SPP.
GRND, ROCK, YEY1,,,NOM. YELLOWEYE ROCKFISH,SEBASTES SPP.
GRND, ROCK, YEYE,,,YELLOWEYE ROCKFISH,SEBASTES RUBERRIMUS
GRND, ROND, AMCK,,,ATKA MACKEREL,PLEUROGRAMMUS MONOPTERYGIUS
GRND, ROND, CBZ1,,,NOM. CABEZON,SCORPAENICHTHYS SPP.
GRND, ROND, CBZN,,,CABEZON,SCORPAENICHTHYS MARMORATUS
GRND, ROND, CPLN,,,CAPELIN,MALLOTUS VILLOSUS
GRND, ROND, KGL1,,,NOM. KELP GREENLING,HEXAGRAMMOS SPP.
GRND, ROND, KLPG,,,KELP GREENLING,HEXAGRAMMOS DECAGRAMMUS
GRND, ROND, LCD1,,,NOM. LINGCOD,OPHIODON SPP.
GRND, ROND, LCOD,,,LINGCOD,OPHIODON ELONGATUS
GRND, ROND, ORND,,,OTHER ROUNDFISH,N/A
GRND, ROND, PCOD,,,PACIFIC COD,GADUS MACROCEPHALUS
GRND, ROND, PLCK,,,WALLEYE POLLOCK,THERAGRA CHALCOGRAMMA
GRND, ROND, PWHT,,,PACIFIC WHITING,MERLUCCIUS PRODUCTUS
GRND, ROND, ROND,,,__ALL ROUNDFISH,N/A
GRND, ROND, RRND,,,REMAINING ROUNDFISH,N/A
GRND, ROND, SABL,,,SABLEFISH,ANOPLOPOMA FIMBRIA
GRND, ROND, URND,,,UNSP. ROUNDFISH,N/A
HMSP,     ,     ,,,__ALL HIGHLY MIGRATORY,N/A
HMSP, DRDO,     ,,,DORADO/DOLPHINFISH,CORYPHAENA HIPPURUS
HMSP, MRLN,     ,,,STRIPED MARLIN,TETRAPTERUS AUDAX
HMSP, SHRK, BSRK,,,BLUE SHARK,PRIONACE GLAUCA
HMSP, SHRK, ISRK,,,BIGEYE THRESHER SHARK,ALOPIAS SUPERCILIOSUS
HMSP, SHRK, MAKO,,,SHORTFIN MAKO SHARK,ISURUS OXYRINCHUS
HMSP, SHRK, PSRK,,,PELAGIC THRESHER SHARK,ALOPIAS PELAGICUS
HMSP, SHRK, TSRK,,,COMMON THRESHER SHARK,ALOPIAS VULPINUS
HMSP, SSPF,     ,,,SHORTBILL SPEARFISH,TETRAPTURUS ANGUSTIROSTRIS
HMSP, SWRD,     ,,,SWORDFISH,XIPHIAS GLADIUS
HMSP, TUNA, ALBC,,,ALBACORE,THUNNUS ALALUNGA
HMSP, TUNA, BTNA,,,BLUEFIN TUNA,THUNNUS THYNNUS
HMSP, TUNA, ETNA,,,BIGEYE TUNA,THUNNUS OBESUS
HMSP, TUNA, STNA,,,SKIPJACK TUNA,KATSUWONUS PELAMIS
HMSP, TUNA, UTNA,,,UNSP. TUNA,N/A
HMSP, TUNA, YTNA,,,YELLOWFIN TUNA,THUNNUS ALBACARES
OTHR,     ,     ,,,__OTHER SPECIES (NO M-GRO,N/A
OTHR, BASS,     ,,,__ALL BASS,N/A
OTHR, BASS, GBAS,,,GIANT SEA BASS,STEREOLEPIS GIGAS
OTHR, BASS, OBAS,,,OTHER BASS,N/A
OTHR, BASS, WBAS,,,WHITE SEABASS,ATRACTOSCION NOBILIS
OTHR, BHAG,     ,,,BLACK HAGFISH,EPTATRETUS DEANI
OTHR, BISC,     ,,,BROWN IRISH LORD,HEMILEPIDOTUS SPINOSUS
OTHR, BLPT,     ,,,BLACK EELPOUT,LYCODES DIAPTERUS
OTHR, BMCK,     ,,,BULLET MACKEREL,AUXIS ROCHEI
OTHR, BMRL,     ,,,BLUE MARLIN,MAKAIRA NIGRICANS
OTHR, BSCL,     ,,,BUFFALO SCULPIN,ENOPHRYS BISON
OTHR, CEEL,     ,,,SPOTTED CUSK-EEL,CHILARA TAYLORI
OTHR, CHL1,     ,,,NOM. CALIF HALIBUT,PARALICHTHYS SPP.
OTHR, CHLB,     ,,,CALIFORNIA HALIBUT,PARALICHTHYS CALIFORNICUS
OTHR, CSLK,     ,,,CALIFORNIA SLICKHEAD,ALEPOCEPHALUS TENEBROSUS
OTHR, CUDA,     ,,,PACIFIC BARRACUDA,SPHYRAENA ARGENTEA
OTHR, ECHN,     ,,,__ALL ECHINODERMS,N/A
OTHR, ECHN, OECH,,,OTHER ECHINODERM,ECHINODERMATA SPP.
OTHR, ECHN, OURC,,,OTHER SEA URCHINS,ECHINODERMATA SPP.
OTHR, ECHN, RURC,,,RED SEA URCHIN,STRONGYLOCENTROTUS FRANCISCANUS
OTHR, ECHN, UECH,,,UNSP. ECHINODERM,ECHINODERMATA SPP.
OTHR, ECHN, USCU,,,UNSP. SEA CUCUMBERS,N/A
OTHR, ECHN, UURC,,,UNSP. SEA URCHINS,ECHINODERMATA SPP.
OTHR, EELS,     ,,,UNSP. EELS,N/A
OTHR, EULC,     ,,,EULACHON,THALEICHTHYS PACIFICUS
OTHR, GGRD,     ,,,GIANT GRENADIER,ALBATROSSIA PECTORALIS
OTHR, GSQD,     ,,,GIANT SQUID,MOROTEUTHIS ROBUSTA
OTHR, KFSH,     ,,,GIANT KELPFISH,HETEROSTICHUS ROSTRATUS
OTHR, LOBS,     ,,,CALIFORNIA SPINY LOBSTER,PANULIRUS INTERRUPTUS
OTHR, LUVR,     ,,,LOUVAR,LUVARUS IMPERIALIS
OTHR, MEEL,     ,,,MONKEYFACE PRICKLEBACK (E,CEBIDICHTHYS VIOLACEUS
OTHR, MISC,     ,,,MISC. FISH/ANIMALS,N/A
OTHR, MLSK,     ,,,__ALL MOLLUSKS,N/A
OTHR, MLSK, OMSK,,,OTHER MOLLUSKS,N/A
OTHR, MLSK, UMSK,,,UNSP. MOLLUSKS,N/A
OTHR, MOLA,     ,,,MOLA/OCEAN SUNFISH,MOLA MOLA
OTHR, MSC2,     ,,,MISC. FISH,N/A
OTHR, MSHP,     ,,,PLAINFIN MIDSHIPMAN,PORICHTHYS NOTATUS
OTHR, OANC,     ,,,OTHER ANCHOVY,N/A
OTHR, OCRK,     ,,,OTHER CROAKER,N/A
OTHR, OCTP,     ,,,UNSP. OCTOPUS,N/A
OTHR, OWFS,     ,,,OCEAN WHITEFISH,CAULOLATILUS PRINCEPS
OTHR, PBTR,     ,,,PACIFIC BUTTERFISH,PEPRILUS SIMILLIMUS
OTHR, PHAG,     ,,,PACIFIC HAGFISH,EPTATRETUS STOUTII
OTHR, PHLB,     ,,,PACIFIC HALIBUT,HIPPOGLOSSUS STENOLEPIS
OTHR, POMF,     ,,,PACIFIC POMFRET,BRAMA JAPONICA
OTHR, PROW,     ,,,PROWFISH,ZAPRORA SILENUS
OTHR, QFSH,     ,,,QUEENFISH,SERIPHUS POLITUS
OTHR, RCKG,     ,,,ROCK GREENLING,HEXAGRAMMOS LAGOCEPHALUS
OTHR, RGL1,     ,,,NOM. ROCK GREENLING,HEXAGRAMMOS SPP.
OTHR, RSCL,     ,,,RED IRISH LORD,HEMILEPIDOTUS HEMILEPIDOTUS
OTHR, SAIL,     ,,,SAILFISH,ISTIPHORUS PLATYPTERUS
OTHR, SARY,     ,,,PACIFIC SAURY,COLOLABIS SAIRA
OTHR, SCLP,     ,,,UNSP. SCULPIN,COTTIDAE SPP.
OTHR, SHAD,     ,,,UNSP. SHAD,N/A
OTHR, SHP1,     ,,,NOM. CALIFORNIA SHEEPHEAD,SEMICOSSYPHUS SPP.
OTHR, SHPD,     ,,,CALIFORNIA SHEEPHEAD,SEMICOSSYPHUS PULCHER
OTHR, SHRK, ASRK,,,PACIFIC ANGEL SHARK,SQUATINA CALIFORNICA
OTHR, SHRK, CSRK,,,BROWN CAT SHARK,ARPISTURUS BRUNNEUS
OTHR, SHRK, OSRK,,,OTHER SHARK,ELASMOBRANCHII SPP.
OTHR, SHRK, USRK,,,UNSP. SHARK,ELASMOBRANCHII SPP.
OTHR, SKAT, ASKT,,,ALEUTIAN SKATE,BATHYRAJA ALEUTICA
OTHR, SKAT, BLSK,,,BLACK SKATE,BATHYRAJA TRACHURA
OTHR, SKAT, BTRY,,,BAT RAY,MYLIOBATIS CALIFORNICA
OTHR, SKAT, OSKT,,,OTHER SKATES,RAJIDAE SPP.
OTHR, SKAT, SPSK,,,SANDPAPER SKATE,BATHYRAJA INTERRUPTA
OTHR, SKAT, SSKT,,,STARRY SKATE,RAJA STELLULATA
OTHR, SKIL,     ,,,SKILFISH,Erilepis zonifer
OTHR, SMLT,     ,,,UNSP. SMELT,N/A
OTHR, SQID,     ,,,UNSP. SQUID,DECAPODA SPP.
OTHR, SRFP,     ,,,SURFPERCH SPP.,SURFPERCH SPP.
OTHR, SSCL,     ,,,SHARPNOSE SCULPIN,CLINOCOTTUS ACUTICEPS
OTHR, STRG,     ,,,__ALL STURGEON,N/A
OTHR, STRG, GSTG,,,GREEN STURGEON,ACIPENSER MEDIROSTRIS
OTHR, STRG, USTG,,,UNSP. STURGEON,N/A
OTHR, STRG, WSTG,,,WHITE STURGEON,ACIPENSER TRANSMONTANUS
OTHR, TCOD,     ,,,PACIFIC TOMCOD,MICROGADUS PROXIMUS
OTHR, TUNA, BSJK,,,BLACK SKIPJACK,EUTHYNNUS LINEATUS
OTHR, TUNA, OTNA,,,OTHER TUNA,N/A
OTHR, UGLG,     ,,,UNSP. GREENLING,N/A
OTHR, UHAG,     ,,,UNSP. HAGFISH,EPTATRETUS SPP.
OTHR, UHLB,     ,,,UNSP. HALIBUT,N/A
OTHR, UJEL,     ,,,UNSP. JELLYFISH,SCYPHOZOA SPP.
OTHR, WCRK,     ,,,WHITE CROAKER,GENYONEMUS LINEATUS
OTHR, WEEL,     ,,,WOLF EEL,ANARRHICHTHYS OCELLATUS
OTHR, WHOO,     ,,,WAHOO,ACANTHOCYBIUM SOLANDRI
OTHR, YLTL,     ,,,YELLOWTAIL,SERIOLA LALANDI
SAMN,     ,     ,,,__ALL SALMON,N/A
SAMN, CHNK,     ,,,CHINOOK SALMON,ONCORHYNCHUS TSHAWYTSCHA
SAMN, CHUM,     ,,,CHUM SALMON,ONCORHYNCHUS KETA
SAMN, COHO,     ,,,COHO SALMON,ONCORHYNCHUS KISUTCH
SAMN, PINK,     ,,,PINK SALMON,ONCORHYNCHUS GORBUSCHA
SAMN, SOCK,     ,,,SOCKEYE SALMON,ONCORHYNCHUS NERKA
SAMN, STLH,     ,,,STEELHEAD,ONCORHYNCHUS MYKISS
SAMN, USMN,     ,,,UNSP. SALMON,N/A
SHLL,     ,     ,,,__ALL SHELLFISH,N/A
SHLL, ABLN,     ,,,__ALL ABALONE,N/A
SHLL, ABLN, BABL,,,BLACK ABALONE,HALIOTIS CRACHERODII
SHLL, ABLN, GABL,,,GREEN ABALONE,HALIOTIS FULGENS
SHLL, ABLN, OABL,,,OTHER ABALONE,N/A
SHLL, ABLN, PABL,,,PINK ABALONE,HALIOTIS CORRUGATA
SHLL, ABLN, RABL,,,RED ABALONE,HALIOTIS RUFESCENS
SHLL, ABLN, UABL,,,UNSP. ABALONE,N/A
SHLL, ABLN, WABL,,,WHITE ABALONE,HALIOTIS SORENSENI
SHLL, CLAM,     ,,,__ALL CLAMS,N/A
SHLL, CLAM, BCLM,,,BUTTER CLAM,SAXIDOMUS GIGANTEUS
SHLL, CLAM, BMSL,,,BLUE OR BAY MUSSEL,MYTILUS EDULIS
SHLL, CLAM, CKLE,,,BASKET COCKLE,CLINOCARDIUM NUTTALLII
SHLL, CLAM, CMSL,,,CALIFORNIA MUSSEL,MYTILUS CALIFORNIANUS
SHLL, CLAM, GCLM,,,GAPER CLAM,TRESUS CAPAX
SHLL, CLAM, GDUK,,,GEODUCK,PANOPEA ABRUPTA
SHLL, CLAM, HCLM,,,HORSE CLAMS,TRESUS SPP.
SHLL, CLAM, JCLM,,,CALIFORNIA JACKKNIFE CLAM,TAGELUS CALIFORNIANUS
SHLL, CLAM, LCLM,,,NATIVE LITTLENECK,PROTOTHACA STAMINEA
SHLL, CLAM, MACL,,,MUD CLAMS,MACOMA SPP.
SHLL, CLAM, MCLM,,,MANILA CLAM,VENERUPIS PHILIPPINARUM
SHLL, CLAM, OCLM,,,OTHER CLAM,N/A
SHLL, CLAM, PCLM,,,PISMO CLAM,TIVELA STULTORUM
SHLL, CLAM, PRCL,,,PURPLE CLAM,NUTTALLIA NUTTALLI
SHLL, CLAM, QCLM,,,NORTHERN QUAHOG CLAM,MERCENARIA MERCENARIA
SHLL, CLAM, RCLM,,,RAZOR CLAM,SILIQUA PATULA
SHLL, CLAM, RZCL,,,ROSY RAZOR CLAM,SOLEN SICARIUS
SHLL, CLAM, SCLM,,,SOFT-SHELLED CLAM,MYA ARENARIA
SHLL, CLAM, UCLM,,,UNSP. CLAM,N/A
SHLL, CLAM, VCLM,,,VARNISH CLAM,NUTTALLIA OBSCURATA
SHLL, CLAM, WCLM,,,WASHINGTON CLAM,SAXIDOMUS NUTTALLI
SHLL, OYST,     ,,,__ALL OYSTERS,N/A
SHLL, OYST, ESTR,,,EASTERN OYSTER,CRASSOSTREA VIRGINICA
SHLL, OYST, EURO,,,EUROPEAN OYSTER,OSTREA EDULIS
SHLL, OYST, KSTR,,,KUMAMOTO OYSTER,CRASSOSTREA GIGAS KUMAMOTO
SHLL, OYST, LSTR,,,OLYMPIA OYSTER,OSTREA LURIDA
SHLL, OYST, OSTR,,,OTHER OYSTER,N/A
SHLL, OYST, PSTR,,,PACIFIC OYSTER,CRASSOSTREA GIGAS
SHLL, OYST, USTR,,,UNSP. OYSTER,N/A
SHLL, SCAL,     ,,,__ALL SCALLOPS,N/A
SHLL, SCAL, OSCL,,,OTHER SCALLOP,N/A
SHLL, SCAL, USCL,,,UNSP. SCALLOP,N/A
SRMP,     ,     ,,,__ALL SHRIMP & PRAWNS,N/A
SRMP, BSRM,     ,,,UNSP. BAIT SHRIMP,N/A
SRMP, GPRW,     ,,,GOLDEN PRAWN,FARFANTEPENAEUS CALIFORNIENSIS
SRMP, GSRM,     ,,,GHOST SHRIMP,CALLIANASSA CALIFORNIENSIS
SRMP, MSRM,     ,,,BLUE MUD SHRIMP,UPOGEBIA PUGETTENSIS
SRMP, OSRM,     ,,,OTHER SHRIMP,N/A
SRMP, PSHP,     ,,,PACIFIC PINK SHRIMP,PANDALUS JORDANI
SRMP, RPRW,     ,,,RIDGEBACK PRAWN,SICYONIA INGENTIS
SRMP, RSRM,     ,,,GRASS SHRIMP,HIPPOLYTE CLARKI
SRMP, SPRW,     ,,,SPOTTED PRAWN,PANDALUS PLATYCEROS
SRMP, USRM,     ,,,UNSP. OCEAN SHRIMP,N/A
XXXX, XXXX,     ,,,UNKNOWN SPECIES,
